year,event_type,country_index,country_name,tech_id,tech_name,total_unlocked_techs
-3678,unlock,44,North beldusgrad Tribe,109,Long-distance Exchange Networks,19
-3478,unlock,41,South ranteria Tribe,115,Counting Tokens and Tallies,19
-3438,unlock,6,South kannalpur Tribe,117,Proto-writing and Administrative Notation,17
-3434,unlock,19,South minzhorenling Tribe,103,Bone and Antler Tools,17
-3425,unlock,44,North beldusgrad Tribe,103,Bone and Antler Tools,20
-3402,unlock,66,Empire of Old chicalan,104,Fishing Technology,14
-3390,unlock,6,South kannalpur Tribe,103,Bone and Antler Tools,18
-3354,unlock,6,South kannalpur Tribe,10,Irrigation,19
-3349,unlock,41,South ranteria Tribe,117,Proto-writing and Administrative Notation,20
-3327,unlock,4,Old mitshaa Tribe,103,Bone and Antler Tools,17
-3316,unlock,6,South kannalpur Tribe,7,Wheel,20
-3312,unlock,39,Beltersolia Tribe,103,Bone and Antler Tools,19
-3298,unlock,44,North beldusgrad Tribe,7,Wheel,21
-3279,unlock,6,South kannalpur Tribe,104,Fishing Technology,21
-3243,unlock,19,South minzhorenling Tribe,104,Fishing Technology,18
-3237,unlock,107,Old marviavialand Tribe,109,Long-distance Exchange Networks,19
-3235,unlock,44,North beldusgrad Tribe,12,Shipbuilding,22
-3213,unlock,104,Kusintiqorimarca Tribe,104,Fishing Technology,14
-3210,unlock,41,Kingdom of New ternasolgrad,7,Wheel,21
-3204,unlock,73,Great mixmix Tribe,104,Fishing Technology,14
-3188,unlock,19,South minzhorenling Tribe,7,Wheel,19
-3185,unlock,2,Kingdom of New vimitvar,104,Fishing Technology,17
-3183,unlock,8,South ravi Tribe,104,Fishing Technology,17
-3170,unlock,74,South yucnahtan Tribe,103,Bone and Antler Tools,14
-3161,unlock,39,Beltersolia Tribe,10,Irrigation,20
-3160,unlock,2,Kingdom of New vimitvar,103,Bone and Antler Tools,18
-3152,unlock,41,Kingdom of New ternasolgrad,109,Long-distance Exchange Networks,22
-3125,unlock,40,Empire of New solnadus,7,Wheel,19
-3118,unlock,66,Empire of North xocnahpan,103,Bone and Antler Tools,15
-3109,unlock,72,South chitolco Tribe,115,Counting Tokens and Tallies,14
-3104,unlock,74,South yucnahtan Tribe,115,Counting Tokens and Tallies,15
-3079,unlock,10,Kingdom of North shatanpur,7,Wheel,17
-3078,unlock,66,Empire of North xocnahpan,108,Watercraft,16
-3077,unlock,54,Great ofiofiene Tribe,115,Counting Tokens and Tallies,14
-3077,unlock,107,Old marviavialand Tribe,103,Bone and Antler Tools,20
-3069,unlock,66,Empire of North xocnahpan,10,Irrigation,17
-3049,unlock,39,Beltersolia Tribe,109,Long-distance Exchange Networks,21
-3047,unlock,72,South chitolco Tribe,104,Fishing Technology,15
-3047,unlock,73,Great mixmix Tribe,110,Dog Domestication,15
-3044,unlock,72,South chitolco Tribe,114,Enclosures and Herd Management,16
-3038,unlock,19,South minzhorenling Tribe,10,Irrigation,20
-3037,unlock,41,Kingdom of New ternasolgrad,103,Bone and Antler Tools,23
-3028,unlock,72,South chitolco Tribe,10,Irrigation,17
-3027,unlock,19,South minzhorenling Tribe,108,Watercraft,21
-3026,unlock,73,Great mixmix Tribe,115,Counting Tokens and Tallies,16
-3024,unlock,66,Empire of North xocnahpan,110,Dog Domestication,18
-3023,unlock,73,Great mixmix Tribe,10,Irrigation,17
-3009,unlock,40,Empire of New solnadus,115,Counting Tokens and Tallies,20
-3006,unlock,4,Old mitshaa Tribe,104,Fishing Technology,18
-3003,unlock,40,Empire of New solnadus,12,Shipbuilding,21
-2995,unlock,104,Kusintiqorimarca Tribe,103,Bone and Antler Tools,15
-2994,unlock,7,Old drashanaldesh Tribe,104,Fishing Technology,17
-2991,unlock,8,South ravi Tribe,10,Irrigation,18
-2990,unlock,39,Beltersolia Tribe,115,Counting Tokens and Tallies,22
-2988,unlock,44,North beldusgrad Tribe,10,Irrigation,23
-2983,unlock,7,Old drashanaldesh Tribe,7,Wheel,18
-2980,unlock,70,Nahchiyuctan Tribe,110,Dog Domestication,14
-2978,unlock,54,Great ofiofiene Tribe,104,Fishing Technology,15
-2973,unlock,70,Nahchiyuctan Tribe,114,Enclosures and Herd Management,15
-2971,unlock,54,Great ofiofiene Tribe,10,Irrigation,16
-2968,unlock,6,South kannalpur Tribe,108,Watercraft,21
-2967,unlock,40,Empire of New solnadus,109,Long-distance Exchange Networks,22
-2966,unlock,6,South kannalpur Tribe,17,Roads,22
-2961,unlock,19,South minzhorenling Tribe,5,Sailing,22
-2952,unlock,104,Kusintiqorimarca Tribe,115,Counting Tokens and Tallies,16
-2950,unlock,114,Old varvivia Kingdom,4,Mining,11
-2945,unlock,69,North calnahyucco Tribe,104,Fishing Technology,14
-2937,unlock,8,South ravi Tribe,108,Watercraft,19
-2936,unlock,39,Beltersolia Tribe,7,Wheel,23
-2936,unlock,52,South katanse Tribe,104,Fishing Technology,14
-2930,unlock,66,Empire of North xocnahpan,109,Long-distance Exchange Networks,19
-2925,unlock,69,North calnahyucco Tribe,10,Irrigation,15
-2924,unlock,40,Empire of New solnadus,103,Bone and Antler Tools,23
-2912,unlock,69,North calnahyucco Tribe,103,Bone and Antler Tools,16
-2904,unlock,2,Kingdom of New vimitvar,10,Irrigation,19
-2904,unlock,72,South chitolco Tribe,110,Dog Domestication,18
-2902,unlock,2,Kingdom of New vimitvar,117,Proto-writing and Administrative Notation,20
-2901,unlock,6,South kannalpur Tribe,5,Sailing,23
-2900,unlock,73,Great mixmix Tribe,108,Watercraft,18
-2889,unlock,72,South chitolco Tribe,7,Wheel,19
-2888,unlock,10,Kingdom of North shatanpur,103,Bone and Antler Tools,18
-2885,unlock,19,South minzhorenling Tribe,17,Roads,23
-2883,unlock,66,Empire of North xocnahpan,5,Sailing,20
-2881,unlock,74,South yucnahtan Tribe,104,Fishing Technology,16
-2880,unlock,107,Old marviavialand Tribe,12,Shipbuilding,21
-2879,unlock,2,Kingdom of New vimitvar,7,Wheel,21
-2875,unlock,41,Kingdom of New ternasolgrad,12,Shipbuilding,23
-2873,unlock,66,Empire of North xocnahpan,114,Enclosures and Herd Management,21
-2870,unlock,104,Kusintiqorimarca Tribe,10,Irrigation,17
-2866,unlock,40,Empire of New solnadus,117,Proto-writing and Administrative Notation,24
-2865,unlock,67,Old calitzan Tribe,103,Bone and Antler Tools,14
-2865,unlock,73,Great mixmix Tribe,114,Enclosures and Herd Management,19
-2864,unlock,54,Great ofiofiene Tribe,110,Dog Domestication,17
-2861,unlock,107,Old marviavialand Tribe,7,Wheel,22
-2858,unlock,6,South kannalpur Tribe,109,Long-distance Exchange Networks,24
-2857,unlock,10,Kingdom of North shatanpur,10,Irrigation,19
-2851,unlock,39,Beltersolia Tribe,12,Shipbuilding,24
-2847,unlock,70,Nahchiyuctan Tribe,10,Irrigation,16
-2847,unlock,72,South chitolco Tribe,108,Watercraft,20
-2835,unlock,40,Empire of New solnadus,10,Irrigation,25
-2835,unlock,70,Nahchiyuctan Tribe,7,Wheel,17
-2835,unlock,104,Kusintiqorimarca Tribe,108,Watercraft,18
-2832,unlock,69,North calnahyucco Tribe,114,Enclosures and Herd Management,17
-2829,unlock,74,South yucnahtan Tribe,114,Enclosures and Herd Management,17
-2828,unlock,6,South kannalpur Tribe,29,Machinery,25
-2814,unlock,67,Old calitzan Tribe,115,Counting Tokens and Tallies,15
-2812,unlock,6,South kannalpur Tribe,12,Shipbuilding,26
-2808,unlock,19,South minzhorenling Tribe,23,Engineering,24
-2806,unlock,6,South kannalpur Tribe,23,Engineering,27
-2800,unlock,66,Empire of North xocnahpan,7,Wheel,22
-2795,unlock,44,North beldusgrad Tribe,17,Roads,24
-2792,unlock,8,South ravi Tribe,5,Sailing,20
-2791,unlock,44,North beldusgrad Tribe,115,Counting Tokens and Tallies,25
-2790,unlock,66,Empire of North xocnahpan,12,Shipbuilding,23
-2785,unlock,73,Great mixmix Tribe,5,Sailing,20
-2781,unlock,19,South minzhorenling Tribe,12,Shipbuilding,25
-2772,unlock,52,South katanse Tribe,115,Counting Tokens and Tallies,15
-2769,unlock,40,Empire of New solnadus,17,Roads,25
-2766,unlock,39,Beltersolia Tribe,17,Roads,25
-2754,unlock,49,New zukatana Tribe,104,Fishing Technology,18
-2751,unlock,70,Nahchiyuctan Tribe,115,Counting Tokens and Tallies,18
-2744,unlock,67,Old calitzan Tribe,10,Irrigation,16
-2735,unlock,67,Old calitzan Tribe,114,Enclosures and Herd Management,17
-2725,unlock,54,Great ofiofiene Tribe,117,Proto-writing and Administrative Notation,18
-2718,unlock,73,Great mixmix Tribe,109,Long-distance Exchange Networks,21
-2708,unlock,10,Kingdom of Old survishapur,104,Fishing Technology,20
-2703,unlock,8,South ravi Tribe,103,Bone and Antler Tools,21
-2697,unlock,69,North calnahyucco Tribe,110,Dog Domestication,18
-2685,unlock,52,South katanse Tribe,103,Bone and Antler Tools,16
-2683,unlock,73,Great mixmix Tribe,7,Wheel,22
-2680,unlock,74,South yucnahtan Tribe,7,Wheel,18
-2678,unlock,8,South ravi Tribe,109,Long-distance Exchange Networks,22
-2678,unlock,104,Kusintiqorimarca Tribe,117,Proto-writing and Administrative Notation,19
-2664,unlock,52,South katanse Tribe,110,Dog Domestication,17
-2662,unlock,72,South chitolco Tribe,103,Bone and Antler Tools,21
-2661,unlock,74,South yucnahtan Tribe,110,Dog Domestication,19
-2661,unlock,104,Kusintiqorimarca Tribe,5,Sailing,20
-2658,unlock,42,Terromstan Tribe,7,Wheel,19
-2657,unlock,107,Old marviavialand Tribe,10,Irrigation,23
-2655,unlock,74,South yucnahtan Tribe,10,Irrigation,20
-2644,unlock,69,North calnahyucco Tribe,7,Wheel,19
-2625,unlock,9,Kingdom of North naldramit,7,Wheel,17
-2624,unlock,67,Old calitzan Tribe,7,Wheel,18
-2624,unlock,72,South chitolco Tribe,5,Sailing,22
-2621,unlock,67,Old calitzan Tribe,110,Dog Domestication,19
-2593,unlock,8,South ravi Tribe,12,Shipbuilding,23
-2587,unlock,107,Old marviavialand Tribe,115,Counting Tokens and Tallies,24
-2581,unlock,19,South minzhorenling Tribe,117,Proto-writing and Administrative Notation,26
-2575,unlock,104,Kusintiqorimarca Tribe,110,Dog Domestication,21
-2561,unlock,54,Great ofiofiene Tribe,103,Bone and Antler Tools,19
-2561,unlock,73,Great mixmix Tribe,103,Bone and Antler Tools,23
-2551,unlock,66,Empire of North xocnahpan,115,Counting Tokens and Tallies,24
-2545,unlock,41,Kingdom of New ternasolgrad,10,Irrigation,25
-2544,unlock,70,Nahchiyuctan Tribe,103,Bone and Antler Tools,19
-2537,unlock,104,Kusintiqorimarca Tribe,114,Enclosures and Herd Management,22
-2493,unlock,66,Empire of North xocnahpan,17,Roads,25
-2469,unlock,74,South yucnahtan Tribe,17,Roads,21
-2467,unlock,72,South chitolco Tribe,12,Shipbuilding,23
-2466,unlock,104,Kusintiqorimarca Tribe,12,Shipbuilding,22
-2457,unlock,42,Terromstan Tribe,103,Bone and Antler Tools,20
-2447,unlock,73,Great mixmix Tribe,17,Roads,24
-2433,unlock,53,Kingdom of Great barbarbaru,104,Fishing Technology,14
-2432,unlock,70,Nahchiyuctan Tribe,104,Fishing Technology,20
-2428,unlock,10,Kingdom of Old survishapur,108,Watercraft,21
-2424,unlock,7,Kingdom of New varnalradesh,103,Bone and Antler Tools,19
-2422,unlock,52,Empire of Kachi,108,Watercraft,18
-2417,unlock,52,Empire of Kachi,10,Irrigation,19
-2410,unlock,104,Kusintiqorimarca Tribe,7,Wheel,23
-2409,unlock,19,South minzhorenling Tribe,29,Machinery,26
-2407,unlock,73,Great mixmix Tribe,12,Shipbuilding,25
-2406,unlock,2,Kingdom of Great vishara,17,Roads,22
-2396,unlock,52,Empire of Kachi,114,Enclosures and Herd Management,20
-2395,unlock,20,Kingdom of North lilihanguo,103,Bone and Antler Tools,11
-2383,unlock,9,Kingdom of North naldramit,104,Fishing Technology,18
-2381,unlock,74,South yucnahtan Tribe,108,Watercraft,22
-2371,unlock,7,Kingdom of New varnalradesh,10,Irrigation,20
-2362,unlock,67,Old calitzan Tribe,104,Fishing Technology,20
-2352,unlock,107,Old marviavialand Tribe,17,Roads,25
-2349,unlock,72,South chitolco Tribe,109,Long-distance Exchange Networks,24
-2346,unlock,2,Kingdom of Great vishara,29,Machinery,23
-2332,unlock,10,Kingdom of Old survishapur,17,Roads,22
-2330,unlock,53,Kingdom of Great barbarbaru,110,Dog Domestication,15
-2312,unlock,53,Kingdom of Great barbarbaru,114,Enclosures and Herd Management,16
-2300,unlock,52,Empire of Kachi,7,Wheel,21
-2299,unlock,70,Nahchiyuctan Tribe,17,Roads,21
-2298,unlock,42,Terromstan Tribe,12,Shipbuilding,21
-2281,unlock,2,Kingdom of Great vishara,23,Engineering,24
-2271,unlock,42,Terromstan Tribe,17,Roads,22
-2261,unlock,52,Empire of Kachi,109,Long-distance Exchange Networks,22
-2241,unlock,54,Great ofiofiene Tribe,114,Enclosures and Herd Management,20
-2221,unlock,74,South yucnahtan Tribe,5,Sailing,23
-2218,unlock,103,Kingdom of Minweitai,103,Bone and Antler Tools,11
-2211,unlock,70,Nahchiyuctan Tribe,108,Watercraft,22
-2209,unlock,67,Old calitzan Tribe,108,Watercraft,21
-2185,unlock,52,Empire of Kachi,17,Roads,23
-2185,unlock,104,Kusintiqorimarca Tribe,17,Roads,24
-2179,unlock,8,South ravi Tribe,7,Wheel,24
-2161,unlock,67,Old calitzan Tribe,17,Roads,22
-2144,unlock,54,Great ofiofiene Tribe,7,Wheel,21
-2130,unlock,42,Terromstan Tribe,10,Irrigation,23
-2122,unlock,67,Old calitzan Tribe,5,Sailing,23
-2119,unlock,44,North beldusgrad Tribe,29,Machinery,26
-2109,unlock,8,South ravi Tribe,29,Machinery,25
-2109,unlock,54,Great ofiofiene Tribe,108,Watercraft,22
-2097,unlock,74,South yucnahtan Tribe,109,Long-distance Exchange Networks,24
-2080,unlock,10,Kingdom of Old survishapur,5,Sailing,23
-2067,unlock,70,Nahchiyuctan Tribe,5,Sailing,23
-2048,unlock,54,Great ofiofiene Tribe,5,Sailing,23
-2045,unlock,54,Great ofiofiene Tribe,17,Roads,24
-2038,unlock,54,Great ofiofiene Tribe,109,Long-distance Exchange Networks,25
-2031,unlock,10,Kingdom of Old survishapur,29,Machinery,24
-2029,unlock,19,South minzhorenling Tribe,109,Long-distance Exchange Networks,27
-2011,unlock,111,Kingdom of South linweiling,103,Bone and Antler Tools,11
-2007,unlock,74,South yucnahtan Tribe,12,Shipbuilding,25
-2005,unlock,8,South ravi Tribe,17,Roads,26
-2003,unlock,67,Old calitzan Tribe,12,Shipbuilding,24
-2002,unlock,104,Kusintiqorimarca Tribe,109,Long-distance Exchange Networks,25
-1988,unlock,8,South ravi Tribe,23,Engineering,27
-1988,unlock,54,Great ofiofiene Tribe,12,Shipbuilding,26
-1972,unlock,70,Nahchiyuctan Tribe,109,Long-distance Exchange Networks,24
-1963,unlock,52,Empire of Kachi,5,Sailing,24
-1941,unlock,10,Kingdom of Old survishapur,23,Engineering,25
-1910,unlock,54,Great ofiofiene Tribe,23,Engineering,27
-1889,unlock,11,Kingdom of Sharasura,103,Bone and Antler Tools,11
-1888,unlock,70,Nahchiyuctan Tribe,12,Shipbuilding,25
-1869,unlock,10,Kingdom of Old survishapur,12,Shipbuilding,26
-1831,unlock,196,Old teoyucco Tribe,17,Roads,24
-1779,unlock,42,Terromstan Tribe,109,Long-distance Exchange Networks,24
-1730,unlock,196,Old teoyucco Tribe,115,Counting Tokens and Tallies,25
-1723,unlock,1,Kingdom of New vimitvia,7,Wheel,17
-1719,unlock,224,Lamlamara Kingdom,10,Irrigation,14
-1702,unlock,72,Kingdom of New chichiitz,17,Roads,25
-1646,unlock,1,Kingdom of New vimitvia,10,Irrigation,18
-1641,unlock,67,Old calitzan Tribe,109,Long-distance Exchange Networks,25
-1548,unlock,82,Kingdom of Great quizengarstan,110,Dog Domestication,9
-1540,unlock,53,Kingdom of Great barbarbaru,7,Wheel,17
-1516,unlock,9,Kingdom of North naldramit,10,Irrigation,19
-1487,unlock,49,Kingdom of Great tanlamu,103,Bone and Antler Tools,12
-1475,unlock,125,New lambarzu Kingdom,103,Bone and Antler Tools,11
-1424,unlock,12,Kingdom of New nalra,103,Bone and Antler Tools,11
-1424,unlock,224,Lamlamara Kingdom,115,Counting Tokens and Tallies,15
-1414,unlock,73,Great mixmix Tribe,117,Proto-writing and Administrative Notation,26
-1411,unlock,1,Kingdom of New vimitvia,117,Proto-writing and Administrative Notation,19
-1410,unlock,224,Lamlamara Kingdom,103,Bone and Antler Tools,16
-1399,unlock,41,Kingdom of Great romnagrad,17,Roads,26
-1356,unlock,9,Kingdom of North naldramit,103,Bone and Antler Tools,20
-1342,unlock,224,Lamlamara Kingdom,104,Fishing Technology,17
-1315,unlock,69,North calnahyucco Tribe,115,Counting Tokens and Tallies,20
-1301,unlock,53,Kingdom of Great barbarbaru,103,Bone and Antler Tools,18
-1299,unlock,102,Weizholing Tribe,103,Bone and Antler Tools,11
-1288,unlock,118,New kakatana Tribe,103,Bone and Antler Tools,11
-1282,unlock,224,Lamlamara Kingdom,110,Dog Domestication,18
-1258,unlock,224,Lamlamara Kingdom,114,Enclosures and Herd Management,19
-1230,unlock,53,Kingdom of Great barbarbaru,10,Irrigation,19
-1224,unlock,248,New zuzukaa Kingdom,7,Wheel,17
-1199,unlock,1,Kingdom of New survivi Kingdom,17,Roads,20
-1166,unlock,79,Great tuprumllaqmarca Tribe,103,Bone and Antler Tools,10
-1149,unlock,248,New zuzukaa Kingdom,10,Irrigation,18
-1129,unlock,1,Kingdom of New survivi Kingdom,104,Fishing Technology,21
-1104,unlock,248,New zuzukaa Kingdom,115,Counting Tokens and Tallies,19
-1103,unlock,224,Lamlamara Kingdom,7,Wheel,20
-1092,unlock,224,Lamlamara Kingdom,108,Watercraft,21
-1060,unlock,114,Old varvivia Kingdom,8,Masonry,12
-1060,unlock,283,Ngoselam Kingdom,115,Counting Tokens and Tallies,17
-998,unlock,283,Ngoselam Kingdom,7,Wheel,18
-993,unlock,9,Kingdom of North naldramit,17,Roads,21
-921,unlock,283,Ngoselam Kingdom,10,Irrigation,19
-919,unlock,10,Kingdom of Old survishapur,109,Long-distance Exchange Networks,27
-916,unlock,248,New zuzukaa Kingdom,17,Roads,20
-915,unlock,224,Lamlamara Kingdom,17,Roads,22
-904,unlock,283,Ngoselam Kingdom,103,Bone and Antler Tools,20
-898,unlock,1,Kingdom of New survivi Kingdom,103,Bone and Antler Tools,22
-889,unlock,69,North calnahyucco Tribe,17,Roads,21
-841,unlock,1,Kingdom of New survivi Kingdom,29,Machinery,23
-839,unlock,7,Kingdom of New varnalradesh,117,Proto-writing and Administrative Notation,21
-824,unlock,224,Lamlamara Kingdom,29,Machinery,23
-807,unlock,283,Ngoselam Kingdom,17,Roads,21
-798,unlock,224,Lamlamara Kingdom,109,Long-distance Exchange Networks,24
-769,unlock,7,Kingdom of New varnalradesh Kingdom,17,Roads,22
-651,unlock,1,Kingdom of New survivi Kingdom,108,Watercraft,24
-605,unlock,53,Kingdom of North ngongoka,17,Roads,20
-603,unlock,227,North ofibara Kingdom,114,Enclosures and Herd Management,20
-596,unlock,1,Kingdom of New survivi Kingdom,23,Engineering,25
-591,unlock,248,New zuzukaa Kingdom,103,Bone and Antler Tools,21
-472,unlock,69,North calnahyucco Tribe,108,Watercraft,22
-454,unlock,151,Kingdom of New quiviastan,111,Grinding Stones,8
-400,unlock,280,Empire of Great garviaranland,117,Proto-writing and Administrative Notation,26
-386,unlock,1,Kingdom of New survivi Kingdom,5,Sailing,26
-374,unlock,224,Lamlamara Kingdom,23,Engineering,25
-371,unlock,168,New garnana Tribe,110,Dog Domestication,9
-359,unlock,87,Old bellordusstan Tribe,103,Bone and Antler Tools,9
-287,unlock,224,Lamlamara Kingdom,5,Sailing,26
-286,unlock,191,South llaqpachyu Tribe,110,Dog Domestication,10
-264,unlock,272,Great mazuofiene Kingdom,114,Enclosures and Herd Management,19
-245,unlock,80,Kingdom of South kustupna,103,Bone and Antler Tools,10
-216,unlock,82,Kingdom of Great quizengarstan,116,Charcoal Firing,10
-193,unlock,1,Kingdom of New survivi Kingdom,109,Long-distance Exchange Networks,27
-108,unlock,69,North calnahyucco Tribe,5,Sailing,23
-103,unlock,224,Lamlamara Kingdom,12,Shipbuilding,27
-99,unlock,30,New bararan Tribe,8,Masonry,12
-92,unlock,122,Kingdom of New mitdra,4,Mining,11
-87,unlock,151,Kingdom of New quiviastan,103,Bone and Antler Tools,9
-70,unlock,227,North ofibara Kingdom,7,Wheel,21
-67,unlock,136,Kingdom of Tamkalsaman,4,Mining,11
-57,unlock,87,Old bellordusstan Tribe,116,Charcoal Firing,10
-43,unlock,32,Kingdom of New ashninkal,103,Bone and Antler Tools,11
-37,unlock,1,Kingdom of New survivi Kingdom,12,Shipbuilding,28
1,unlock,203,Kingdom of South maofitanara,10,Irrigation,14
35,unlock,203,Kingdom of South maofitanara,114,Enclosures and Herd Management,15
46,unlock,365,New malamene Kingdom,110,Dog Domestication,14
74,unlock,248,Kingdom of Chiofiseara,23,Engineering,22
90,unlock,24,Kingdom of North tailiminshan,103,Bone and Antler Tools,12
111,unlock,107,South beldustergrad,29,Machinery,26
115,unlock,152,Kingdom of South xoccaltan,103,Bone and Antler Tools,13
116,unlock,244,New barlama Kingdom,114,Enclosures and Herd Management,19
128,unlock,365,New malamene Kingdom,104,Fishing Technology,15
137,unlock,87,Old bellordusstan Tribe,110,Dog Domestication,11
140,unlock,69,North calnahyucco Tribe,109,Long-distance Exchange Networks,24
167,unlock,272,Great mazuofiene Kingdom,7,Wheel,20
181,unlock,47,Kingdom of Zenmarzenia,103,Bone and Antler Tools,10
190,unlock,365,New malamene Kingdom,10,Irrigation,16
212,unlock,191,South llaqpachyu Tribe,113,Sedentism,11
229,unlock,310,South ngongoara Kingdom,29,Machinery,23
246,unlock,106,Kingdom of South kansura,103,Bone and Antler Tools,11
258,unlock,310,South ngongoara Kingdom,23,Engineering,24
270,unlock,145,Kingdom of Taihanling,103,Bone and Antler Tools,11
271,unlock,365,New malamene Kingdom,103,Bone and Antler Tools,17
274,unlock,85,Kingdom of North nadusmarstan,8,Masonry,10
277,unlock,248,Kingdom of Chiofiseara,29,Machinery,23
282,unlock,227,North ofibara Kingdom,17,Roads,22
286,unlock,104,Kusintiqorimarca Tribe,29,Machinery,26
297,unlock,83,Kingdom of North zenviastan,103,Bone and Antler Tools,9
331,unlock,69,North calnahyucco Tribe,12,Shipbuilding,25
334,unlock,129,Empire of North nalinstan,103,Bone and Antler Tools,10
338,unlock,7,Kingdom of South tantanshadesh Kingdom,29,Machinery,23
341,unlock,203,Kingdom of South maofitanara,103,Bone and Antler Tools,16
354,unlock,104,Kusintiqorimarca Tribe,23,Engineering,27
365,unlock,203,Kingdom of South maofitanara,7,Wheel,17
368,unlock,59,Kingdom of New karbelvenia,103,Bone and Antler Tools,11
381,unlock,42,Terromstan Tribe,115,Counting Tokens and Tallies,25
386,unlock,300,Kingdom of Great ofizuene,29,Machinery,22
388,unlock,211,Kingdom of Old kabarara Kingdom,114,Enclosures and Herd Management,20
411,unlock,152,Kingdom of South xoccaltan,114,Enclosures and Herd Management,14
420,unlock,203,Kingdom of South maofitanara,110,Dog Domestication,18
432,unlock,365,New malamene Kingdom,115,Counting Tokens and Tallies,18
453,unlock,244,New barlama Kingdom,7,Wheel,20
454,unlock,121,Empire of North dusquimarstan,103,Bone and Antler Tools,10
457,unlock,217,Great barbara Tribe,117,Proto-writing and Administrative Notation,19
471,unlock,151,Kingdom of New quiviastan,110,Dog Domestication,10
484,unlock,175,New kaleshurar Kingdom,4,Mining,11
491,unlock,168,Kingdom of Old viagarland,116,Charcoal Firing,10
495,unlock,261,Mitviranagar Kingdom,103,Bone and Antler Tools,11
509,unlock,24,Kingdom of North tailiminshan,8,Masonry,13
538,unlock,203,Kingdom of South maofitanara,104,Fishing Technology,19
545,unlock,211,Kingdom of Old kabarara Kingdom,118,Numeracy and Measurement,21
563,unlock,6,Empire of New viranagar,38,Mechanical Clock,28
585,unlock,265,North minzhominguo Kingdom,4,Mining,11
597,unlock,272,Great mazuofiene Kingdom,17,Roads,21
601,unlock,191,South llaqpachyu Tribe,104,Fishing Technology,12
627,unlock,9,Kingdom of Nalsurnalpur,29,Machinery,22
628,unlock,191,South llaqpachyu Tribe,6,Calendar,13
648,unlock,270,Empire of New sezuara,114,Enclosures and Herd Management,19
650,unlock,191,South llaqpachyu Tribe,103,Bone and Antler Tools,14
652,unlock,217,Great barbara Kingdom,103,Bone and Antler Tools,20
657,unlock,58,Kingdom of Great romseldoria,103,Bone and Antler Tools,12
658,unlock,365,New malamene Kingdom,108,Watercraft,19
682,unlock,82,Kingdom of Great quizengarstan,103,Bone and Antler Tools,11
683,unlock,203,Kingdom of Great mabara,115,Counting Tokens and Tallies,20
700,unlock,283,Ngoselam Kingdom,29,Machinery,22
716,unlock,244,New barlama Kingdom,17,Roads,21
730,unlock,191,South llaqpachyu Tribe,115,Counting Tokens and Tallies,15
743,unlock,149,Kingdom of Great tanramita,103,Bone and Antler Tools,11
754,unlock,203,Kingdom of Great mabara,17,Roads,21
754,unlock,231,Kingdom of Great tamkaleshan,4,Mining,11
768,unlock,214,Kingdom of North ashsaman,4,Mining,11
776,unlock,300,Kingdom of Great ofizuene,23,Engineering,23
778,unlock,14,Kingdom of Renrenqinzhou,103,Bone and Antler Tools,11
781,unlock,211,Kingdom of Old kabarara Kingdom,7,Wheel,22
825,unlock,203,Kingdom of Great mabara,29,Machinery,22
826,unlock,251,Kingdom of South selamene Kingdom,114,Enclosures and Herd Management,20
828,unlock,152,Kingdom of South xoccaltan,115,Counting Tokens and Tallies,15
835,unlock,30,New bararan Tribe,16,Construction,13
837,unlock,7,Kingdom of South tantanshadesh Kingdom,23,Engineering,24
843,unlock,365,New malamene Kingdom,109,Long-distance Exchange Networks,20
855,unlock,191,South llaqpachyu Tribe,112,Proto-cultivation,16
871,unlock,162,Kingdom of North eshsamar,4,Mining,11
882,unlock,191,South llaqpachyu Tribe,114,Enclosures and Herd Management,17
882,unlock,235,Kingdom of Great bartamsamar,103,Bone and Antler Tools,11
894,unlock,365,New malamene Kingdom,5,Sailing,21
897,unlock,9,Kingdom of Nalsurnalpur,23,Engineering,23
904,unlock,141,Solqui,116,Charcoal Firing,10
904,unlock,217,Great barbara Kingdom,7,Wheel,21
904,unlock,270,Empire of New sezuara,7,Wheel,20
917,unlock,79,Great tuprumllaqmarca Tribe,110,Dog Domestication,11
923,unlock,137,South romrania Kingdom,4,Mining,10
925,unlock,251,Kingdom of South selamene Kingdom,108,Watercraft,21
954,unlock,53,Kingdom of New kachilam,115,Counting Tokens and Tallies,21
965,unlock,62,Kingdom of Old ventarnorland,103,Bone and Antler Tools,10
969,unlock,283,Ngoselam Kingdom,108,Watercraft,23
980,unlock,178,Empire of Great zenlinia,4,Mining,10
987,unlock,53,Kingdom of New kachilam,23,Engineering,22
990,unlock,152,Kingdom of South xoccaltan,20,Agriculture,16
993,unlock,116,Kingdom of New nakinsolia,116,Charcoal Firing,10
995,unlock,113,Great weilizhou Tribe,103,Bone and Antler Tools,11
1006,unlock,152,Kingdom of South xoccaltan,110,Dog Domestication,17
1025,unlock,53,Kingdom of New kachilam,29,Machinery,23
1027,unlock,152,Kingdom of South xoccaltan,104,Fishing Technology,18
1035,unlock,353,South kangoene Kingdom,29,Machinery,22
1039,unlock,127,Kingdom of Urninar,103,Bone and Antler Tools,12
1042,unlock,152,Kingdom of South xoccaltan,7,Wheel,19
1060,unlock,211,Kingdom of Old kabarara Kingdom,15,Currency,23
1061,unlock,144,Kingdom of North urar,4,Mining,11
1062,unlock,139,Kingdom of North drakandesh,4,Mining,11
1063,unlock,34,Kingdom of South arnin,103,Bone and Antler Tools,13
1067,unlock,36,Kingdom of Eshbarum,103,Bone and Antler Tools,12
1077,unlock,203,Kingdom of Great mabara,23,Engineering,23
1090,unlock,203,Kingdom of Great mabara,108,Watercraft,24
1098,unlock,224,Lamlamara Kingdom,38,Mechanical Clock,28
1115,unlock,116,Kingdom of New nakinsolia,103,Bone and Antler Tools,11
1117,unlock,61,Kingdom of Old belvenvenia,8,Masonry,12
1119,unlock,109,Kingdom of Old chima,103,Bone and Antler Tools,10
1126,unlock,38,Kingdom of South kalbarbaran,8,Masonry,13
1137,unlock,152,Kingdom of South xoccaltan,10,Irrigation,20
1145,unlock,136,Kingdom of Great tamashum,103,Bone and Antler Tools,12
1163,unlock,152,Kingdom of South xoccaltan,17,Roads,21
1168,unlock,58,Kingdom of New belsel,8,Masonry,13
1174,unlock,365,New malamene Kingdom,114,Enclosures and Herd Management,22
1216,unlock,10,Kingdom of Great naldraranagar,38,Mechanical Clock,28
1219,unlock,217,Great barbara Kingdom,118,Numeracy and Measurement,22
1221,unlock,178,Empire of Great zenlinia,103,Bone and Antler Tools,11
1224,unlock,282,North masetanene Kingdom,29,Machinery,22
1228,unlock,101,New mardusia,103,Bone and Antler Tools,10
1229,unlock,100,Kingdom of South karselburg,110,Dog Domestication,9
1231,unlock,251,Kingdom of South selamene Kingdom,5,Sailing,22
1234,unlock,211,Kingdom of Old kabarara Kingdom,17,Roads,24
1236,unlock,78,Kingdom of New sumllaqintia,103,Bone and Antler Tools,10
1240,unlock,251,Kingdom of South selamene Kingdom,7,Wheel,23
1255,unlock,283,Ngoselam Kingdom,109,Long-distance Exchange Networks,24
1257,unlock,191,Empire of Great qorikus,20,Agriculture,18
1257,unlock,270,Empire of New sezuara,17,Roads,21
1261,unlock,105,Kingdom of Great survarmitnagar,103,Bone and Antler Tools,11
1264,unlock,365,New malamene Kingdom,12,Shipbuilding,23
1265,unlock,191,Empire of Great qorikus,108,Watercraft,19
1266,unlock,191,Empire of Great qorikus,7,Wheel,20
1272,unlock,191,Empire of Great qorikus,117,Proto-writing and Administrative Notation,21
1273,unlock,50,Kingdom of South kakaa,103,Bone and Antler Tools,11
1274,unlock,85,Kingdom of Great quizenstan,16,Construction,11
1277,unlock,365,New malamene Kingdom,7,Wheel,24
1298,unlock,217,Great barbara Kingdom,108,Watercraft,23
1305,unlock,203,Kingdom of Great ngotanngo,5,Sailing,25
1338,unlock,283,Ngoselam Kingdom,5,Sailing,25
1351,unlock,191,Empire of Great qorikus,5,Sailing,22
1373,unlock,124,Kingdom of Old lintaishan,103,Bone and Antler Tools,11
1374,unlock,192,Kingdom of Old esharan,104,Fishing Technology,11
1375,unlock,84,Kingdom of South solsolrom,110,Dog Domestication,9
1376,unlock,191,Empire of Great qorikus,10,Irrigation,23
1379,unlock,152,Kingdom of South xoccaltan,108,Watercraft,22
1381,unlock,191,Empire of Great qorikus,17,Roads,24
1382,unlock,122,Kingdom of New mitdra,8,Masonry,12
1385,unlock,253,Empire of South barsea,117,Proto-writing and Administrative Notation,22
1402,unlock,365,New malamene Kingdom,17,Roads,25
1430,unlock,146,Kingdom of Old marzenmarland,116,Charcoal Firing,9
1432,unlock,251,Kingdom of South selamene Kingdom,109,Long-distance Exchange Networks,24
1438,unlock,283,Ngoselam Kingdom,12,Shipbuilding,26
1439,unlock,152,Kingdom of South xoccaltan,5,Sailing,23
1442,unlock,365,New malamene Kingdom,29,Machinery,26
1448,unlock,84,Kingdom of South solsolrom,103,Bone and Antler Tools,10
1449,unlock,2,Kingdom of Old survinagar,38,Mechanical Clock,25
1449,unlock,191,Empire of Great qorikus,109,Long-distance Exchange Networks,25
1453,unlock,80,Kingdom of South kustupna,104,Fishing Technology,11
1454,unlock,178,Empire of Great zenlinia,8,Masonry,12
1454,unlock,217,Great barbara Kingdom,15,Currency,24
1456,unlock,191,Empire of Great qorikus,12,Shipbuilding,26
1460,unlock,283,Ngoselam Kingdom,38,Mechanical Clock,27
1487,unlock,191,Empire of Great qorikus,29,Machinery,27
1489,unlock,151,Kingdom of New quiviastan,116,Charcoal Firing,11
1506,unlock,334,Empire of New romdusia,103,Bone and Antler Tools,10
1513,unlock,23,Kingdom of North weilinhanling,103,Bone and Antler Tools,12
1520,unlock,191,Empire of Great qorikus,23,Engineering,28
1544,unlock,66,Empire of North xocnahpan,29,Machinery,26
1546,unlock,152,Kingdom of South xoccaltan,12,Shipbuilding,24
1548,unlock,203,Kingdom of Great ngotanngo,12,Shipbuilding,26
1555,unlock,310,South ngongoara Kingdom,38,Mechanical Clock,25
1586,unlock,136,Kingdom of Great tamashum,8,Masonry,13
1609,unlock,66,Empire of North xocnahpan,38,Mechanical Clock,27
1614,unlock,251,Kingdom of South selamene Kingdom,12,Shipbuilding,25
1625,unlock,244,New barlama Kingdom,29,Machinery,22
1625,unlock,251,Kingdom of South selamene Kingdom,17,Roads,26
1638,unlock,166,Kingdom of New nuirangiua,110,Dog Domestication,8
1639,unlock,56,Kingdom of South selvenselland,103,Bone and Antler Tools,11
1664,unlock,38,Kingdom of South kalbarbaran,120,Copper Smelting,14
1668,unlock,84,Kingdom of South solsolrom,116,Charcoal Firing,11
1685,unlock,61,Kingdom of South kardorburg,119,Native Copper Working,13
1706,unlock,217,Great barbara Kingdom,17,Roads,25
1735,unlock,86,Kingdom of Great viabelmarland,103,Bone and Antler Tools,9
1735,unlock,133,Kingdom of North rahivamoa,110,Dog Domestication,8
1738,unlock,189,Kingdom of Old naldranagar,4,Mining,11
1740,unlock,227,Empire of Ngokaa,29,Machinery,23
1742,unlock,83,Kingdom of New marbelquigrad,110,Dog Domestication,10
1748,unlock,217,Great barbara Kingdom,29,Machinery,26
1752,unlock,133,Kingdom of North rahivamoa,103,Bone and Antler Tools,9
1778,unlock,85,Kingdom of Great quizenstan,110,Dog Domestication,12
1800,unlock,143,Kingdom of Old belninar,8,Masonry,13
1804,unlock,386,New litai Kingdom,4,Mining,11
1805,unlock,8,Kingdom of New vidraa,38,Mechanical Clock,28
1825,unlock,61,Kingdom of South kardorburg,103,Bone and Antler Tools,14
1837,unlock,175,Kingdom of New ashninad,8,Masonry,12
1848,unlock,110,Kingdom of New barar,8,Masonry,13
1853,unlock,122,Kingdom of New mitdra,119,Native Copper Working,13
1856,unlock,62,Kingdom of Old ventarnorland,110,Dog Domestication,11
1876,unlock,104,Kingdom of South suyullaqayana,38,Mechanical Clock,28
1885,unlock,347,Kingdom of North kalbarar,103,Bone and Antler Tools,11
1902,unlock,265,Empire of South minminminling,8,Masonry,12
1916,unlock,35,Kingdom of South tamurad,120,Copper Smelting,13
1921,unlock,23,Kingdom of North weilinhanling,8,Masonry,13
1931,unlock,127,Kingdom of Old tameshuran,8,Masonry,14
1942,unlock,248,Kingdom of North barchiu,38,Mechanical Clock,24
1945,unlock,58,Kingdom of New belsel,119,Native Copper Working,14
1946,unlock,270,Empire of Old maofibar,29,Machinery,22
1948,unlock,133,Kingdom of North rahivamoa,111,Grinding Stones,10
1952,unlock,292,Empire of North kasekaene,29,Machinery,22
1953,unlock,168,Kingdom of Old viagarland,103,Bone and Antler Tools,11
1965,unlock,108,Kingdom of North zhohanqin,103,Bone and Antler Tools,11
1981,unlock,359,New varvidradesh Kingdom,103,Bone and Antler Tools,11
1996,unlock,74,Kingdom of Great xocxoctol,29,Machinery,26
2014,unlock,132,Kingdom of New karvenia,8,Masonry,12
2018,unlock,16,Kingdom of South xialiweiling,103,Bone and Antler Tools,12
